Campaign,Campaign Type,Networks,Budget,Bid Strategy Type,Status,Ad Group,Max CPC,Keyword,Match Type,Final URL,Headline 1,Headline 2,Headline 3,Headline 4,Headline 5,Headline 6,Headline 7,Headline 8,Headline 9,Headline 10,Headline 11,Headline 12,Headline 13,Headline 14,Headline 15,Description 1,Description 2,Description 3,Description 4,Path 1,Path 2,Sitelink Text,Sitelink Final URL,Sitelink Description 1,Sitelink Description 2
CPA Exam Prep — Quality MCQ Bank (2026),Search,Google search;Search partners,30.00,Manual CPC,Paused,,,,,,,,,,,,,,,,,,,,,,,,,,,,,,
CPA Exam Prep — Quality MCQ Bank (2026),,,,,Paused,CPA - Generic,1.40,,,,,,,,,,,,,,,,,,,,,,,,,,,,
CPA Exam Prep — Quality MCQ Bank (2026),,,,,Paused,CPA - Generic,1.40,cpa exam prep,Phrase,,,,,,,,,,,,,,,,,,,,,,,,,,
CPA Exam Prep — Quality MCQ Bank (2026),,,,,Paused,CPA - Generic,1.40,cpa review course,Phrase,,,,,,,,,,,,,,,,,,,,,,,,,,
CPA Exam Prep — Quality MCQ Bank (2026),,,,,Paused,CPA - Generic,1.20,cpa study material,Phrase,,,,,,,,,,,,,,,,,,,,,,,,,,
CPA Exam Prep — Quality MCQ Bank (2026),,,,,Paused,CPA - Generic,1.40,cpa prep course,Phrase,,,,,,,,,,,,,,,,,,,,,,,,,,
CPA Exam Prep — Quality MCQ Bank (2026),,,,,Paused,CPA - Generic,1.60,best cpa review course,Phrase,,,,,,,,,,,,,,,,,,,,,,,,,,
CPA Exam Prep — Quality MCQ Bank (2026),,,,,Paused,CPA - Generic,1.20,cpa exam study guide,Phrase,,,,,,,,,,,,,,,,,,,,,,,,,,
CPA Exam Prep — Quality MCQ Bank (2026),,,,,Paused,CPA - Generic,1.30,cpa exam preparation,Phrase,,,,,,,,,,,,,,,,,,,,,,,,,,
CPA Exam Prep — Quality MCQ Bank (2026),,,,,Paused,CPA - Generic,1.30,cpa review online,Phrase,,,,,,,,,,,,,,,,,,,,,,,,,,
CPA Exam Prep — Quality MCQ Bank (2026),,,,,Paused,CPA - Generic,1.20,online cpa course,Phrase,,,,,,,,,,,,,,,,,,,,,,,,,,
CPA Exam Prep — Quality MCQ Bank (2026),,,,,Paused,CPA - Generic,,free download,Negative Phrase,,,,,,,,,,,,,,,,,,,,,,,,,,
CPA Exam Prep — Quality MCQ Bank (2026),,,,,Paused,CPA - Generic,,free pdf,Negative Phrase,,,,,,,,,,,,,,,,,,,,,,,,,,
CPA Exam Prep — Quality MCQ Bank (2026),,,,,Paused,CPA - Generic,,free book,Negative Phrase,,,,,,,,,,,,,,,,,,,,,,,,,,
CPA Exam Prep — Quality MCQ Bank (2026),,,,,Paused,CPA - Generic,,reddit,Negative Phrase,,,,,,,,,,,,,,,,,,,,,,,,,,
CPA Exam Prep — Quality MCQ Bank (2026),,,,,Paused,CPA - Generic,,forum,Negative Phrase,,,,,,,,,,,,,,,,,,,,,,,,,,
CPA Exam Prep — Quality MCQ Bank (2026),,,,,Paused,CPA - Generic,,quora,Negative Phrase,,,,,,,,,,,,,,,,,,,,,,,,,,
CPA Exam Prep — Quality MCQ Bank (2026),,,,,Paused,CPA - Generic,,youtube,Negative Phrase,,,,,,,,,,,,,,,,,,,,,,,,,,
CPA Exam Prep — Quality MCQ Bank (2026),,,,,Paused,CPA - Generic,,pdf,Negative Phrase,,,,,,,,,,,,,,,,,,,,,,,,,,
CPA Exam Prep — Quality MCQ Bank (2026),,,,,Paused,CPA - Generic,,torrent,Negative Phrase,,,,,,,,,,,,,,,,,,,,,,,,,,
CPA Exam Prep — Quality MCQ Bank (2026),,,,,Paused,CPA - Generic,,pirate,Negative Phrase,,,,,,,,,,,,,,,,,,,,,,,,,,
CPA Exam Prep — Quality MCQ Bank (2026),,,,,Paused,CPA - Generic,,crack,Negative Phrase,,,,,,,,,,,,,,,,,,,,,,,,,,
CPA Exam Prep — Quality MCQ Bank (2026),,,,,Paused,CPA - Generic,,hack,Negative Phrase,,,,,,,,,,,,,,,,,,,,,,,,,,
CPA Exam Prep — Quality MCQ Bank (2026),,,,,Paused,CPA - Generic,,leaked,Negative Phrase,,,,,,,,,,,,,,,,,,,,,,,,,,
CPA Exam Prep — Quality MCQ Bank (2026),,,,,Paused,CPA - Generic,,login,Negative Phrase,,,,,,,,,,,,,,,,,,,,,,,,,,
CPA Exam Prep — Quality MCQ Bank (2026),,,,,Paused,CPA - Generic,,sign in,Negative Phrase,,,,,,,,,,,,,,,,,,,,,,,,,,
CPA Exam Prep — Quality MCQ Bank (2026),,,,,Paused,CPA - Generic,,forgot password,Negative Phrase,,,,,,,,,,,,,,,,,,,,,,,,,,
CPA Exam Prep — Quality MCQ Bank (2026),,,,,Paused,CPA - Generic,,customer service,Negative Phrase,,,,,,,,,,,,,,,,,,,,,,,,,,
CPA Exam Prep — Quality MCQ Bank (2026),,,,,Paused,CPA - Generic,,phone number,Negative Phrase,,,,,,,,,,,,,,,,,,,,,,,,,,
CPA Exam Prep — Quality MCQ Bank (2026),,,,,Paused,CPA - Generic,,jobs,Negative Phrase,,,,,,,,,,,,,,,,,,,,,,,,,,
CPA Exam Prep — Quality MCQ Bank (2026),,,,,Paused,CPA - Generic,,hiring,Negative Phrase,,,,,,,,,,,,,,,,,,,,,,,,,,
CPA Exam Prep — Quality MCQ Bank (2026),,,,,Paused,CPA - Generic,,salary,Negative Phrase,,,,,,,,,,,,,,,,,,,,,,,,,,
CPA Exam Prep — Quality MCQ Bank (2026),,,,,Paused,CPA - Generic,,requirements to become,Negative Phrase,,,,,,,,,,,,,,,,,,,,,,,,,,
CPA Exam Prep — Quality MCQ Bank (2026),,,,,Paused,CPA - Generic,,license lookup,Negative Phrase,,,,,,,,,,,,,,,,,,,,,,,,,,
CPA Exam Prep — Quality MCQ Bank (2026),,,,,Paused,CPA - Generic,,cpe,Negative Phrase,,,,,,,,,,,,,,,,,,,,,,,,,,
CPA Exam Prep — Quality MCQ Bank (2026),,,,,Paused,CPA - Generic,,continuing education,Negative Phrase,,,,,,,,,,,,,,,,,,,,,,,,,,
CPA Exam Prep — Quality MCQ Bank (2026),,,,,Paused,CPA - Generic,,cpe credit,Negative Phrase,,,,,,,,,,,,,,,,,,,,,,,,,,
CPA Exam Prep — Quality MCQ Bank (2026),,,,,Paused,CPA - Generic,,refund,Negative Phrase,,,,,,,,,,,,,,,,,,,,,,,,,,
CPA Exam Prep — Quality MCQ Bank (2026),,,,,Paused,CPA - Generic,,complaints,Negative Phrase,,,,,,,,,,,,,,,,,,,,,,,,,,
CPA Exam Prep — Quality MCQ Bank (2026),,,,,Paused,CPA - Generic,,lawsuit,Negative Phrase,,,,,,,,,,,,,,,,,,,,,,,,,,
CPA Exam Prep — Quality MCQ Bank (2026),,,,,Paused,CPA - Generic,,scam,Negative Phrase,,,,,,,,,,,,,,,,,,,,,,,,,,
CPA Exam Prep — Quality MCQ Bank (2026),,,,,Paused,CPA - Generic,,,,https://voraprep.com/cpa?utm_source=google&utm_medium=cpc&utm_campaign=cpa-prep&utm_term=%7Bkeyword%7D&utm_content=%7Badgroupname%7D,Pass — or Study Free,"$29/mo vs Becker's $3,499",Pass the CPA Exam,"9,154 Real CPA Questions","Why Wrong, Not Just What",Every Answer Explained,Built for Working Pros,Adaptive Question Engine,2026 AICPA Blueprint,Try Free — No Card,Cancel Anytime,Start in 60 Seconds,20% Off w/ Code SAVE20,$9 First Month: START9,Founder Pricing Ends May 26,"20% off everything with code SAVE20. 9,154 CPA MCQs. Pass guarantee. Try free, no card.","Same scope as Becker for $249/yr — not $3,499. Pass guarantee. Save 20% with SAVE20.","Every wrong answer broken down so you learn the concept, not just memorize the key.",SAVE20 = 20% off. Or $9 first month with START9. Cancel anytime. Promo ends May 26.,CPA,Prep,,,,
CPA Exam Prep — Quality MCQ Bank (2026),,,,,Paused,CPA - Generic,,,,,,,,,,,,,,,,,,,,,,,,,,See Sample Questions,https://voraprep.com/cpa?utm_source=google&utm_medium=cpc&utm_campaign=cpa-prep&utm_term=%7Bkeyword%7D&utm_content=sl-samples,"9,150+ board-style MCQs",Try the bank free
CPA Exam Prep — Quality MCQ Bank (2026),,,,,Paused,CPA - Generic,,,,,,,,,,,,,,,,,,,,,,,,,,$9 First Month,https://voraprep.com/cpa?utm_source=google&utm_medium=cpc&utm_campaign=cpa-prep&utm_term=%7Bkeyword%7D&utm_content=sl-promo-monthly#pricing,Code: START9,Ends May 26 — monthly
CPA Exam Prep — Quality MCQ Bank (2026),,,,,Paused,CPA - Generic,,,,,,,,,,,,,,,,,,,,,,,,,,20% Off Everything,https://voraprep.com/cpa?utm_source=google&utm_medium=cpc&utm_campaign=cpa-prep&utm_term=%7Bkeyword%7D&utm_content=sl-promo-save20#pricing?coupon=SAVE20,Code: SAVE20,Monthly or annual
CPA Exam Prep — Quality MCQ Bank (2026),,,,,Paused,CPA - Generic,,,,,,,,,,,,,,,,,,,,,,,,,,How We Compare,https://voraprep.com/compare?utm_source=google&utm_medium=cpc&utm_campaign=cpa-prep&utm_term=%7Bkeyword%7D&utm_content=sl-compare,"vs. Becker, Roger, Surgent","Same scope, lower price"
CPA Exam Prep — Quality MCQ Bank (2026),,,,,Paused,CPA - Generic,,,,,,,,,,,,,,,,,,,,,,,,,,Daily Qs by Text,https://voraprep.com/daily-cpa?utm_source=google&utm_medium=cpc&utm_campaign=cpa-prep&utm_term=%7Bkeyword%7D&utm_content=sl-daily,New SMS product,From $4.99/mo
CPA Exam Prep — Quality MCQ Bank (2026),,,,,Paused,CPA - Practice Questions,1.55,,,,,,,,,,,,,,,,,,,,,,,,,,,,
CPA Exam Prep — Quality MCQ Bank (2026),,,,,Paused,CPA - Practice Questions,1.55,cpa practice questions,Phrase,,,,,,,,,,,,,,,,,,,,,,,,,,
CPA Exam Prep — Quality MCQ Bank (2026),,,,,Paused,CPA - Practice Questions,1.55,cpa practice exam,Phrase,,,,,,,,,,,,,,,,,,,,,,,,,,
CPA Exam Prep — Quality MCQ Bank (2026),,,,,Paused,CPA - Practice Questions,1.40,cpa mcq practice,Phrase,,,,,,,,,,,,,,,,,,,,,,,,,,
CPA Exam Prep — Quality MCQ Bank (2026),,,,,Paused,CPA - Practice Questions,1.60,cpa test bank,Phrase,,,,,,,,,,,,,,,,,,,,,,,,,,
CPA Exam Prep — Quality MCQ Bank (2026),,,,,Paused,CPA - Practice Questions,1.60,cpa question bank,Phrase,,,,,,,,,,,,,,,,,,,,,,,,,,
CPA Exam Prep — Quality MCQ Bank (2026),,,,,Paused,CPA - Practice Questions,1.30,cpa sample questions,Phrase,,,,,,,,,,,,,,,,,,,,,,,,,,
CPA Exam Prep — Quality MCQ Bank (2026),,,,,Paused,CPA - Practice Questions,1.30,far practice questions,Phrase,,,,,,,,,,,,,,,,,,,,,,,,,,
CPA Exam Prep — Quality MCQ Bank (2026),,,,,Paused,CPA - Practice Questions,1.30,aud practice questions,Phrase,,,,,,,,,,,,,,,,,,,,,,,,,,
CPA Exam Prep — Quality MCQ Bank (2026),,,,,Paused,CPA - Practice Questions,1.30,reg practice questions,Phrase,,,,,,,,,,,,,,,,,,,,,,,,,,
CPA Exam Prep — Quality MCQ Bank (2026),,,,,Paused,CPA - Practice Questions,1.20,bar practice questions,Phrase,,,,,,,,,,,,,,,,,,,,,,,,,,
CPA Exam Prep — Quality MCQ Bank (2026),,,,,Paused,CPA - Practice Questions,1.20,isc practice questions,Phrase,,,,,,,,,,,,,,,,,,,,,,,,,,
CPA Exam Prep — Quality MCQ Bank (2026),,,,,Paused,CPA - Practice Questions,1.20,tcp practice questions,Phrase,,,,,,,,,,,,,,,,,,,,,,,,,,
CPA Exam Prep — Quality MCQ Bank (2026),,,,,Paused,CPA - Practice Questions,1.20,cpa simulated exam,Phrase,,,,,,,,,,,,,,,,,,,,,,,,,,
CPA Exam Prep — Quality MCQ Bank (2026),,,,,Paused,CPA - Practice Questions,,free download,Negative Phrase,,,,,,,,,,,,,,,,,,,,,,,,,,
CPA Exam Prep — Quality MCQ Bank (2026),,,,,Paused,CPA - Practice Questions,,free pdf,Negative Phrase,,,,,,,,,,,,,,,,,,,,,,,,,,
CPA Exam Prep — Quality MCQ Bank (2026),,,,,Paused,CPA - Practice Questions,,free book,Negative Phrase,,,,,,,,,,,,,,,,,,,,,,,,,,
CPA Exam Prep — Quality MCQ Bank (2026),,,,,Paused,CPA - Practice Questions,,reddit,Negative Phrase,,,,,,,,,,,,,,,,,,,,,,,,,,
CPA Exam Prep — Quality MCQ Bank (2026),,,,,Paused,CPA - Practice Questions,,forum,Negative Phrase,,,,,,,,,,,,,,,,,,,,,,,,,,
CPA Exam Prep — Quality MCQ Bank (2026),,,,,Paused,CPA - Practice Questions,,quora,Negative Phrase,,,,,,,,,,,,,,,,,,,,,,,,,,
CPA Exam Prep — Quality MCQ Bank (2026),,,,,Paused,CPA - Practice Questions,,youtube,Negative Phrase,,,,,,,,,,,,,,,,,,,,,,,,,,
CPA Exam Prep — Quality MCQ Bank (2026),,,,,Paused,CPA - Practice Questions,,pdf,Negative Phrase,,,,,,,,,,,,,,,,,,,,,,,,,,
CPA Exam Prep — Quality MCQ Bank (2026),,,,,Paused,CPA - Practice Questions,,torrent,Negative Phrase,,,,,,,,,,,,,,,,,,,,,,,,,,
CPA Exam Prep — Quality MCQ Bank (2026),,,,,Paused,CPA - Practice Questions,,pirate,Negative Phrase,,,,,,,,,,,,,,,,,,,,,,,,,,
CPA Exam Prep — Quality MCQ Bank (2026),,,,,Paused,CPA - Practice Questions,,crack,Negative Phrase,,,,,,,,,,,,,,,,,,,,,,,,,,
CPA Exam Prep — Quality MCQ Bank (2026),,,,,Paused,CPA - Practice Questions,,hack,Negative Phrase,,,,,,,,,,,,,,,,,,,,,,,,,,
CPA Exam Prep — Quality MCQ Bank (2026),,,,,Paused,CPA - Practice Questions,,leaked,Negative Phrase,,,,,,,,,,,,,,,,,,,,,,,,,,
CPA Exam Prep — Quality MCQ Bank (2026),,,,,Paused,CPA - Practice Questions,,login,Negative Phrase,,,,,,,,,,,,,,,,,,,,,,,,,,
CPA Exam Prep — Quality MCQ Bank (2026),,,,,Paused,CPA - Practice Questions,,sign in,Negative Phrase,,,,,,,,,,,,,,,,,,,,,,,,,,
CPA Exam Prep — Quality MCQ Bank (2026),,,,,Paused,CPA - Practice Questions,,forgot password,Negative Phrase,,,,,,,,,,,,,,,,,,,,,,,,,,
CPA Exam Prep — Quality MCQ Bank (2026),,,,,Paused,CPA - Practice Questions,,customer service,Negative Phrase,,,,,,,,,,,,,,,,,,,,,,,,,,
CPA Exam Prep — Quality MCQ Bank (2026),,,,,Paused,CPA - Practice Questions,,phone number,Negative Phrase,,,,,,,,,,,,,,,,,,,,,,,,,,
CPA Exam Prep — Quality MCQ Bank (2026),,,,,Paused,CPA - Practice Questions,,jobs,Negative Phrase,,,,,,,,,,,,,,,,,,,,,,,,,,
CPA Exam Prep — Quality MCQ Bank (2026),,,,,Paused,CPA - Practice Questions,,hiring,Negative Phrase,,,,,,,,,,,,,,,,,,,,,,,,,,
CPA Exam Prep — Quality MCQ Bank (2026),,,,,Paused,CPA - Practice Questions,,salary,Negative Phrase,,,,,,,,,,,,,,,,,,,,,,,,,,
CPA Exam Prep — Quality MCQ Bank (2026),,,,,Paused,CPA - Practice Questions,,requirements to become,Negative Phrase,,,,,,,,,,,,,,,,,,,,,,,,,,
CPA Exam Prep — Quality MCQ Bank (2026),,,,,Paused,CPA - Practice Questions,,license lookup,Negative Phrase,,,,,,,,,,,,,,,,,,,,,,,,,,
CPA Exam Prep — Quality MCQ Bank (2026),,,,,Paused,CPA - Practice Questions,,cpe,Negative Phrase,,,,,,,,,,,,,,,,,,,,,,,,,,
CPA Exam Prep — Quality MCQ Bank (2026),,,,,Paused,CPA - Practice Questions,,continuing education,Negative Phrase,,,,,,,,,,,,,,,,,,,,,,,,,,
CPA Exam Prep — Quality MCQ Bank (2026),,,,,Paused,CPA - Practice Questions,,cpe credit,Negative Phrase,,,,,,,,,,,,,,,,,,,,,,,,,,
CPA Exam Prep — Quality MCQ Bank (2026),,,,,Paused,CPA - Practice Questions,,refund,Negative Phrase,,,,,,,,,,,,,,,,,,,,,,,,,,
CPA Exam Prep — Quality MCQ Bank (2026),,,,,Paused,CPA - Practice Questions,,complaints,Negative Phrase,,,,,,,,,,,,,,,,,,,,,,,,,,
CPA Exam Prep — Quality MCQ Bank (2026),,,,,Paused,CPA - Practice Questions,,lawsuit,Negative Phrase,,,,,,,,,,,,,,,,,,,,,,,,,,
CPA Exam Prep — Quality MCQ Bank (2026),,,,,Paused,CPA - Practice Questions,,scam,Negative Phrase,,,,,,,,,,,,,,,,,,,,,,,,,,
CPA Exam Prep — Quality MCQ Bank (2026),,,,,Paused,CPA - Practice Questions,,,,https://voraprep.com/cpa?utm_source=google&utm_medium=cpc&utm_campaign=cpa-prep&utm_term=%7Bkeyword%7D&utm_content=%7Badgroupname%7D,"9,154 CPA Practice Qs",Real Board-Style MCQs,"Why Wrong, Not Just What",Every Answer Explained,Pass — or Study Free,"$29/mo vs Becker's $3,499",FAR AUD REG BAR ISC TCP,Targets Your Weak Spots,Adaptive Question Bank,Try Free — No Card,20% Off w/ Code SAVE20,Less Than $1/Day,$9 First Month: START9,Built for Working Pros,Cancel Anytime,"9,154 board-style CPA MCQs with full explanations. 20% off with SAVE20. Try free.",Adaptive bank that hunts your weak areas. Real exam-style questions. Pass guarantee.,"Every wrong answer broken down. Learn the concept, not just the right letter.",20% off everything with SAVE20. Or $9 first month with START9. Ends May 26.,CPA,Questions,,,,
CPA Exam Prep — Quality MCQ Bank (2026),,,,,Paused,CPA - Practice Questions,,,,,,,,,,,,,,,,,,,,,,,,,,See Sample Questions,https://voraprep.com/cpa?utm_source=google&utm_medium=cpc&utm_campaign=cpa-prep&utm_term=%7Bkeyword%7D&utm_content=sl-samples,"9,150+ board-style MCQs",Try the bank free
CPA Exam Prep — Quality MCQ Bank (2026),,,,,Paused,CPA - Practice Questions,,,,,,,,,,,,,,,,,,,,,,,,,,$9 First Month,https://voraprep.com/cpa?utm_source=google&utm_medium=cpc&utm_campaign=cpa-prep&utm_term=%7Bkeyword%7D&utm_content=sl-promo-monthly#pricing,Code: START9,Ends May 26 — monthly
CPA Exam Prep — Quality MCQ Bank (2026),,,,,Paused,CPA - Practice Questions,,,,,,,,,,,,,,,,,,,,,,,,,,20% Off Everything,https://voraprep.com/cpa?utm_source=google&utm_medium=cpc&utm_campaign=cpa-prep&utm_term=%7Bkeyword%7D&utm_content=sl-promo-save20#pricing?coupon=SAVE20,Code: SAVE20,Monthly or annual
CPA Exam Prep — Quality MCQ Bank (2026),,,,,Paused,CPA - Practice Questions,,,,,,,,,,,,,,,,,,,,,,,,,,How We Compare,https://voraprep.com/compare?utm_source=google&utm_medium=cpc&utm_campaign=cpa-prep&utm_term=%7Bkeyword%7D&utm_content=sl-compare,"vs. Becker, Roger, Surgent","Same scope, lower price"
CPA Exam Prep — Quality MCQ Bank (2026),,,,,Paused,CPA - Practice Questions,,,,,,,,,,,,,,,,,,,,,,,,,,Daily Qs by Text,https://voraprep.com/daily-cpa?utm_source=google&utm_medium=cpc&utm_campaign=cpa-prep&utm_term=%7Bkeyword%7D&utm_content=sl-daily,New SMS product,From $4.99/mo
CPA Exam Prep — Quality MCQ Bank (2026),,,,,Paused,CPA - Question Quality,1.65,,,,,,,,,,,,,,,,,,,,,,,,,,,,
CPA Exam Prep — Quality MCQ Bank (2026),,,,,Paused,CPA - Question Quality,1.65,cpa practice questions with explanations,Phrase,,,,,,,,,,,,,,,,,,,,,,,,,,
CPA Exam Prep — Quality MCQ Bank (2026),,,,,Paused,CPA - Question Quality,1.65,best cpa question bank,Phrase,,,,,,,,,,,,,,,,,,,,,,,,,,
CPA Exam Prep — Quality MCQ Bank (2026),,,,,Paused,CPA - Question Quality,1.50,cpa questions with detailed answers,Phrase,,,,,,,,,,,,,,,,,,,,,,,,,,
CPA Exam Prep — Quality MCQ Bank (2026),,,,,Paused,CPA - Question Quality,1.50,cpa practice exam explanations,Phrase,,,,,,,,,,,,,,,,,,,,,,,,,,
CPA Exam Prep — Quality MCQ Bank (2026),,,,,Paused,CPA - Question Quality,1.30,cpa study questions with solutions,Broad,,,,,,,,,,,,,,,,,,,,,,,,,,
CPA Exam Prep — Quality MCQ Bank (2026),,,,,Paused,CPA - Question Quality,1.55,cpa test bank with explanations,Phrase,,,,,,,,,,,,,,,,,,,,,,,,,,
CPA Exam Prep — Quality MCQ Bank (2026),,,,,Paused,CPA - Question Quality,1.20,high quality cpa questions,Broad,,,,,,,,,,,,,,,,,,,,,,,,,,
CPA Exam Prep — Quality MCQ Bank (2026),,,,,Paused,CPA - Question Quality,1.20,cpa mcq with rationale,Phrase,,,,,,,,,,,,,,,,,,,,,,,,,,
CPA Exam Prep — Quality MCQ Bank (2026),,,,,Paused,CPA - Question Quality,,free download,Negative Phrase,,,,,,,,,,,,,,,,,,,,,,,,,,
CPA Exam Prep — Quality MCQ Bank (2026),,,,,Paused,CPA - Question Quality,,free pdf,Negative Phrase,,,,,,,,,,,,,,,,,,,,,,,,,,
CPA Exam Prep — Quality MCQ Bank (2026),,,,,Paused,CPA - Question Quality,,free book,Negative Phrase,,,,,,,,,,,,,,,,,,,,,,,,,,
CPA Exam Prep — Quality MCQ Bank (2026),,,,,Paused,CPA - Question Quality,,reddit,Negative Phrase,,,,,,,,,,,,,,,,,,,,,,,,,,
CPA Exam Prep — Quality MCQ Bank (2026),,,,,Paused,CPA - Question Quality,,forum,Negative Phrase,,,,,,,,,,,,,,,,,,,,,,,,,,
CPA Exam Prep — Quality MCQ Bank (2026),,,,,Paused,CPA - Question Quality,,quora,Negative Phrase,,,,,,,,,,,,,,,,,,,,,,,,,,
CPA Exam Prep — Quality MCQ Bank (2026),,,,,Paused,CPA - Question Quality,,youtube,Negative Phrase,,,,,,,,,,,,,,,,,,,,,,,,,,
CPA Exam Prep — Quality MCQ Bank (2026),,,,,Paused,CPA - Question Quality,,pdf,Negative Phrase,,,,,,,,,,,,,,,,,,,,,,,,,,
CPA Exam Prep — Quality MCQ Bank (2026),,,,,Paused,CPA - Question Quality,,torrent,Negative Phrase,,,,,,,,,,,,,,,,,,,,,,,,,,
CPA Exam Prep — Quality MCQ Bank (2026),,,,,Paused,CPA - Question Quality,,pirate,Negative Phrase,,,,,,,,,,,,,,,,,,,,,,,,,,
CPA Exam Prep — Quality MCQ Bank (2026),,,,,Paused,CPA - Question Quality,,crack,Negative Phrase,,,,,,,,,,,,,,,,,,,,,,,,,,
CPA Exam Prep — Quality MCQ Bank (2026),,,,,Paused,CPA - Question Quality,,hack,Negative Phrase,,,,,,,,,,,,,,,,,,,,,,,,,,
CPA Exam Prep — Quality MCQ Bank (2026),,,,,Paused,CPA - Question Quality,,leaked,Negative Phrase,,,,,,,,,,,,,,,,,,,,,,,,,,
CPA Exam Prep — Quality MCQ Bank (2026),,,,,Paused,CPA - Question Quality,,login,Negative Phrase,,,,,,,,,,,,,,,,,,,,,,,,,,
CPA Exam Prep — Quality MCQ Bank (2026),,,,,Paused,CPA - Question Quality,,sign in,Negative Phrase,,,,,,,,,,,,,,,,,,,,,,,,,,
CPA Exam Prep — Quality MCQ Bank (2026),,,,,Paused,CPA - Question Quality,,forgot password,Negative Phrase,,,,,,,,,,,,,,,,,,,,,,,,,,
CPA Exam Prep — Quality MCQ Bank (2026),,,,,Paused,CPA - Question Quality,,customer service,Negative Phrase,,,,,,,,,,,,,,,,,,,,,,,,,,
CPA Exam Prep — Quality MCQ Bank (2026),,,,,Paused,CPA - Question Quality,,phone number,Negative Phrase,,,,,,,,,,,,,,,,,,,,,,,,,,
CPA Exam Prep — Quality MCQ Bank (2026),,,,,Paused,CPA - Question Quality,,jobs,Negative Phrase,,,,,,,,,,,,,,,,,,,,,,,,,,
CPA Exam Prep — Quality MCQ Bank (2026),,,,,Paused,CPA - Question Quality,,hiring,Negative Phrase,,,,,,,,,,,,,,,,,,,,,,,,,,
CPA Exam Prep — Quality MCQ Bank (2026),,,,,Paused,CPA - Question Quality,,salary,Negative Phrase,,,,,,,,,,,,,,,,,,,,,,,,,,
CPA Exam Prep — Quality MCQ Bank (2026),,,,,Paused,CPA - Question Quality,,requirements to become,Negative Phrase,,,,,,,,,,,,,,,,,,,,,,,,,,
CPA Exam Prep — Quality MCQ Bank (2026),,,,,Paused,CPA - Question Quality,,license lookup,Negative Phrase,,,,,,,,,,,,,,,,,,,,,,,,,,
CPA Exam Prep — Quality MCQ Bank (2026),,,,,Paused,CPA - Question Quality,,cpe,Negative Phrase,,,,,,,,,,,,,,,,,,,,,,,,,,
CPA Exam Prep — Quality MCQ Bank (2026),,,,,Paused,CPA - Question Quality,,continuing education,Negative Phrase,,,,,,,,,,,,,,,,,,,,,,,,,,
CPA Exam Prep — Quality MCQ Bank (2026),,,,,Paused,CPA - Question Quality,,cpe credit,Negative Phrase,,,,,,,,,,,,,,,,,,,,,,,,,,
CPA Exam Prep — Quality MCQ Bank (2026),,,,,Paused,CPA - Question Quality,,refund,Negative Phrase,,,,,,,,,,,,,,,,,,,,,,,,,,
CPA Exam Prep — Quality MCQ Bank (2026),,,,,Paused,CPA - Question Quality,,complaints,Negative Phrase,,,,,,,,,,,,,,,,,,,,,,,,,,
CPA Exam Prep — Quality MCQ Bank (2026),,,,,Paused,CPA - Question Quality,,lawsuit,Negative Phrase,,,,,,,,,,,,,,,,,,,,,,,,,,
CPA Exam Prep — Quality MCQ Bank (2026),,,,,Paused,CPA - Question Quality,,scam,Negative Phrase,,,,,,,,,,,,,,,,,,,,,,,,,,
CPA Exam Prep — Quality MCQ Bank (2026),,,,,Paused,CPA - Question Quality,,,,https://voraprep.com/cpa?utm_source=google&utm_medium=cpc&utm_campaign=cpa-prep&utm_term=%7Bkeyword%7D&utm_content=%7Badgroupname%7D,"Why Wrong, Not Just What",Every Wrong Answer Explained,Step-by-Step Explanations,"9,154 CPA MCQs",Written by Licensed CPAs,Real Board-Style Questions,No Filler. No Fluff.,Learn the Concept,Pass — or Study Free,Beats Becker's Quality,Try Free — No Card,$29/mo Founder Pricing,20% Off w/ Code SAVE20,Adaptive Difficulty,Cancel Anytime,Every CPA question shows why each wrong answer is wrong. Learn deeper — pass faster.,Written and reviewed by licensed CPAs. Aligned to the 2026 AICPA blueprint.,Real exam-style questions with step-by-step explanations. No filler. Try free.,"Pass the CPA exam — or study free until you do. 9,154 MCQs. From $29/mo.",CPA,Quality,,,,
CPA Exam Prep — Quality MCQ Bank (2026),,,,,Paused,CPA - Question Quality,,,,,,,,,,,,,,,,,,,,,,,,,,See Sample Questions,https://voraprep.com/cpa?utm_source=google&utm_medium=cpc&utm_campaign=cpa-prep&utm_term=%7Bkeyword%7D&utm_content=sl-samples,"9,150+ board-style MCQs",Try the bank free
CPA Exam Prep — Quality MCQ Bank (2026),,,,,Paused,CPA - Question Quality,,,,,,,,,,,,,,,,,,,,,,,,,,$9 First Month,https://voraprep.com/cpa?utm_source=google&utm_medium=cpc&utm_campaign=cpa-prep&utm_term=%7Bkeyword%7D&utm_content=sl-promo-monthly#pricing,Code: START9,Ends May 26 — monthly
CPA Exam Prep — Quality MCQ Bank (2026),,,,,Paused,CPA - Question Quality,,,,,,,,,,,,,,,,,,,,,,,,,,20% Off Everything,https://voraprep.com/cpa?utm_source=google&utm_medium=cpc&utm_campaign=cpa-prep&utm_term=%7Bkeyword%7D&utm_content=sl-promo-save20#pricing?coupon=SAVE20,Code: SAVE20,Monthly or annual
CPA Exam Prep — Quality MCQ Bank (2026),,,,,Paused,CPA - Question Quality,,,,,,,,,,,,,,,,,,,,,,,,,,How We Compare,https://voraprep.com/compare?utm_source=google&utm_medium=cpc&utm_campaign=cpa-prep&utm_term=%7Bkeyword%7D&utm_content=sl-compare,"vs. Becker, Roger, Surgent","Same scope, lower price"
CPA Exam Prep — Quality MCQ Bank (2026),,,,,Paused,CPA - Question Quality,,,,,,,,,,,,,,,,,,,,,,,,,,Daily Qs by Text,https://voraprep.com/daily-cpa?utm_source=google&utm_medium=cpc&utm_campaign=cpa-prep&utm_term=%7Bkeyword%7D&utm_content=sl-daily,New SMS product,From $4.99/mo
CPA Exam Prep — Quality MCQ Bank (2026),,,,,Paused,CPA - Competitor Alternatives,1.80,,,,,,,,,,,,,,,,,,,,,,,,,,,,
CPA Exam Prep — Quality MCQ Bank (2026),,,,,Paused,CPA - Competitor Alternatives,1.80,becker cpa alternative,Phrase,,,,,,,,,,,,,,,,,,,,,,,,,,
CPA Exam Prep — Quality MCQ Bank (2026),,,,,Paused,CPA - Competitor Alternatives,1.50,roger cpa alternative,Phrase,,,,,,,,,,,,,,,,,,,,,,,,,,
CPA Exam Prep — Quality MCQ Bank (2026),,,,,Paused,CPA - Competitor Alternatives,1.40,gleim cpa alternative,Phrase,,,,,,,,,,,,,,,,,,,,,,,,,,
CPA Exam Prep — Quality MCQ Bank (2026),,,,,Paused,CPA - Competitor Alternatives,1.40,wiley cpa alternative,Phrase,,,,,,,,,,,,,,,,,,,,,,,,,,
CPA Exam Prep — Quality MCQ Bank (2026),,,,,Paused,CPA - Competitor Alternatives,1.50,surgent cpa alternative,Phrase,,,,,,,,,,,,,,,,,,,,,,,,,,
CPA Exam Prep — Quality MCQ Bank (2026),,,,,Paused,CPA - Competitor Alternatives,1.50,cheaper than becker,Broad,,,,,,,,,,,,,,,,,,,,,,,,,,
CPA Exam Prep — Quality MCQ Bank (2026),,,,,Paused,CPA - Competitor Alternatives,1.20,becker too expensive,Broad,,,,,,,,,,,,,,,,,,,,,,,,,,
CPA Exam Prep — Quality MCQ Bank (2026),,,,,Paused,CPA - Competitor Alternatives,1.30,cpa review course alternatives,Phrase,,,,,,,,,,,,,,,,,,,,,,,,,,
CPA Exam Prep — Quality MCQ Bank (2026),,,,,Paused,CPA - Competitor Alternatives,1.60,best cpa review course 2026,Phrase,,,,,,,,,,,,,,,,,,,,,,,,,,
CPA Exam Prep — Quality MCQ Bank (2026),,,,,Paused,CPA - Competitor Alternatives,1.10,best cpa prep on a budget,Broad,,,,,,,,,,,,,,,,,,,,,,,,,,
CPA Exam Prep — Quality MCQ Bank (2026),,,,,Paused,CPA - Competitor Alternatives,,free download,Negative Phrase,,,,,,,,,,,,,,,,,,,,,,,,,,
CPA Exam Prep — Quality MCQ Bank (2026),,,,,Paused,CPA - Competitor Alternatives,,free pdf,Negative Phrase,,,,,,,,,,,,,,,,,,,,,,,,,,
CPA Exam Prep — Quality MCQ Bank (2026),,,,,Paused,CPA - Competitor Alternatives,,free book,Negative Phrase,,,,,,,,,,,,,,,,,,,,,,,,,,
CPA Exam Prep — Quality MCQ Bank (2026),,,,,Paused,CPA - Competitor Alternatives,,reddit,Negative Phrase,,,,,,,,,,,,,,,,,,,,,,,,,,
CPA Exam Prep — Quality MCQ Bank (2026),,,,,Paused,CPA - Competitor Alternatives,,forum,Negative Phrase,,,,,,,,,,,,,,,,,,,,,,,,,,
CPA Exam Prep — Quality MCQ Bank (2026),,,,,Paused,CPA - Competitor Alternatives,,quora,Negative Phrase,,,,,,,,,,,,,,,,,,,,,,,,,,
CPA Exam Prep — Quality MCQ Bank (2026),,,,,Paused,CPA - Competitor Alternatives,,youtube,Negative Phrase,,,,,,,,,,,,,,,,,,,,,,,,,,
CPA Exam Prep — Quality MCQ Bank (2026),,,,,Paused,CPA - Competitor Alternatives,,pdf,Negative Phrase,,,,,,,,,,,,,,,,,,,,,,,,,,
CPA Exam Prep — Quality MCQ Bank (2026),,,,,Paused,CPA - Competitor Alternatives,,torrent,Negative Phrase,,,,,,,,,,,,,,,,,,,,,,,,,,
CPA Exam Prep — Quality MCQ Bank (2026),,,,,Paused,CPA - Competitor Alternatives,,pirate,Negative Phrase,,,,,,,,,,,,,,,,,,,,,,,,,,
CPA Exam Prep — Quality MCQ Bank (2026),,,,,Paused,CPA - Competitor Alternatives,,crack,Negative Phrase,,,,,,,,,,,,,,,,,,,,,,,,,,
CPA Exam Prep — Quality MCQ Bank (2026),,,,,Paused,CPA - Competitor Alternatives,,hack,Negative Phrase,,,,,,,,,,,,,,,,,,,,,,,,,,
CPA Exam Prep — Quality MCQ Bank (2026),,,,,Paused,CPA - Competitor Alternatives,,leaked,Negative Phrase,,,,,,,,,,,,,,,,,,,,,,,,,,
CPA Exam Prep — Quality MCQ Bank (2026),,,,,Paused,CPA - Competitor Alternatives,,login,Negative Phrase,,,,,,,,,,,,,,,,,,,,,,,,,,
CPA Exam Prep — Quality MCQ Bank (2026),,,,,Paused,CPA - Competitor Alternatives,,sign in,Negative Phrase,,,,,,,,,,,,,,,,,,,,,,,,,,
CPA Exam Prep — Quality MCQ Bank (2026),,,,,Paused,CPA - Competitor Alternatives,,forgot password,Negative Phrase,,,,,,,,,,,,,,,,,,,,,,,,,,
CPA Exam Prep — Quality MCQ Bank (2026),,,,,Paused,CPA - Competitor Alternatives,,customer service,Negative Phrase,,,,,,,,,,,,,,,,,,,,,,,,,,
CPA Exam Prep — Quality MCQ Bank (2026),,,,,Paused,CPA - Competitor Alternatives,,phone number,Negative Phrase,,,,,,,,,,,,,,,,,,,,,,,,,,
CPA Exam Prep — Quality MCQ Bank (2026),,,,,Paused,CPA - Competitor Alternatives,,jobs,Negative Phrase,,,,,,,,,,,,,,,,,,,,,,,,,,
CPA Exam Prep — Quality MCQ Bank (2026),,,,,Paused,CPA - Competitor Alternatives,,hiring,Negative Phrase,,,,,,,,,,,,,,,,,,,,,,,,,,
CPA Exam Prep — Quality MCQ Bank (2026),,,,,Paused,CPA - Competitor Alternatives,,salary,Negative Phrase,,,,,,,,,,,,,,,,,,,,,,,,,,
CPA Exam Prep — Quality MCQ Bank (2026),,,,,Paused,CPA - Competitor Alternatives,,requirements to become,Negative Phrase,,,,,,,,,,,,,,,,,,,,,,,,,,
CPA Exam Prep — Quality MCQ Bank (2026),,,,,Paused,CPA - Competitor Alternatives,,license lookup,Negative Phrase,,,,,,,,,,,,,,,,,,,,,,,,,,
CPA Exam Prep — Quality MCQ Bank (2026),,,,,Paused,CPA - Competitor Alternatives,,cpe,Negative Phrase,,,,,,,,,,,,,,,,,,,,,,,,,,
CPA Exam Prep — Quality MCQ Bank (2026),,,,,Paused,CPA - Competitor Alternatives,,continuing education,Negative Phrase,,,,,,,,,,,,,,,,,,,,,,,,,,
CPA Exam Prep — Quality MCQ Bank (2026),,,,,Paused,CPA - Competitor Alternatives,,cpe credit,Negative Phrase,,,,,,,,,,,,,,,,,,,,,,,,,,
CPA Exam Prep — Quality MCQ Bank (2026),,,,,Paused,CPA - Competitor Alternatives,,refund,Negative Phrase,,,,,,,,,,,,,,,,,,,,,,,,,,
CPA Exam Prep — Quality MCQ Bank (2026),,,,,Paused,CPA - Competitor Alternatives,,complaints,Negative Phrase,,,,,,,,,,,,,,,,,,,,,,,,,,
CPA Exam Prep — Quality MCQ Bank (2026),,,,,Paused,CPA - Competitor Alternatives,,lawsuit,Negative Phrase,,,,,,,,,,,,,,,,,,,,,,,,,,
CPA Exam Prep — Quality MCQ Bank (2026),,,,,Paused,CPA - Competitor Alternatives,,scam,Negative Phrase,,,,,,,,,,,,,,,,,,,,,,,,,,
CPA Exam Prep — Quality MCQ Bank (2026),,,,,Paused,CPA - Competitor Alternatives,,becker discount code,Negative Phrase,,,,,,,,,,,,,,,,,,,,,,,,,,
CPA Exam Prep — Quality MCQ Bank (2026),,,,,Paused,CPA - Competitor Alternatives,,becker promo,Negative Phrase,,,,,,,,,,,,,,,,,,,,,,,,,,
CPA Exam Prep — Quality MCQ Bank (2026),,,,,Paused,CPA - Competitor Alternatives,,becker login,Negative Phrase,,,,,,,,,,,,,,,,,,,,,,,,,,
CPA Exam Prep — Quality MCQ Bank (2026),,,,,Paused,CPA - Competitor Alternatives,,roger discount,Negative Phrase,,,,,,,,,,,,,,,,,,,,,,,,,,
CPA Exam Prep — Quality MCQ Bank (2026),,,,,Paused,CPA - Competitor Alternatives,,gleim discount,Negative Phrase,,,,,,,,,,,,,,,,,,,,,,,,,,
CPA Exam Prep — Quality MCQ Bank (2026),,,,,Paused,CPA - Competitor Alternatives,,wiley discount,Negative Phrase,,,,,,,,,,,,,,,,,,,,,,,,,,
CPA Exam Prep — Quality MCQ Bank (2026),,,,,Paused,CPA - Competitor Alternatives,,surgent discount,Negative Phrase,,,,,,,,,,,,,,,,,,,,,,,,,,
CPA Exam Prep — Quality MCQ Bank (2026),,,,,Paused,CPA - Competitor Alternatives,,,,https://voraprep.com/compare?utm_source=google&utm_medium=cpc&utm_campaign=cpa-prep&utm_term=%7Bkeyword%7D&utm_content=competitor,"Skip Becker's $3,499","$29/mo vs Becker's $3,499","Same Scope, 90% Less",20% Off w/ Code SAVE20,$9 First Month: START9,Pass — or Study Free,"9,154 CPA Practice Qs","Why Wrong, Not Just What",Beat Becker on Quality,No Long Contracts,Cancel by Text or App,Try Free — No Card,Built by Working CPAs,Adaptive Question Engine,Promo Ends May 26,"Why pay $3,499 for Becker? VoraPrep: 9,154 MCQs, pass guarantee, $249/yr or $29/mo.",20% off everything with code SAVE20. Monthly or annual. Cancel anytime. Ends May 26.,Annual: $199 first year with SAVE20. Pass guarantee. Same scope as Becker. Try free.,"Same scope as Becker, Roger, Surgent. 90% less. Try free today — no credit card.",CPA,Compare,,,,
CPA Exam Prep — Quality MCQ Bank (2026),,,,,Paused,CPA - Competitor Alternatives,,,,,,,,,,,,,,,,,,,,,,,,,,See Sample Questions,https://voraprep.com/cpa?utm_source=google&utm_medium=cpc&utm_campaign=cpa-prep&utm_term=%7Bkeyword%7D&utm_content=sl-samples,"9,150+ board-style MCQs",Try the bank free
CPA Exam Prep — Quality MCQ Bank (2026),,,,,Paused,CPA - Competitor Alternatives,,,,,,,,,,,,,,,,,,,,,,,,,,$9 First Month,https://voraprep.com/cpa?utm_source=google&utm_medium=cpc&utm_campaign=cpa-prep&utm_term=%7Bkeyword%7D&utm_content=sl-promo-monthly#pricing,Code: START9,Ends May 26 — monthly
CPA Exam Prep — Quality MCQ Bank (2026),,,,,Paused,CPA - Competitor Alternatives,,,,,,,,,,,,,,,,,,,,,,,,,,20% Off Everything,https://voraprep.com/cpa?utm_source=google&utm_medium=cpc&utm_campaign=cpa-prep&utm_term=%7Bkeyword%7D&utm_content=sl-promo-save20#pricing?coupon=SAVE20,Code: SAVE20,Monthly or annual
CPA Exam Prep — Quality MCQ Bank (2026),,,,,Paused,CPA - Competitor Alternatives,,,,,,,,,,,,,,,,,,,,,,,,,,How We Compare,https://voraprep.com/compare?utm_source=google&utm_medium=cpc&utm_campaign=cpa-prep&utm_term=%7Bkeyword%7D&utm_content=sl-compare,"vs. Becker, Roger, Surgent","Same scope, lower price"
CPA Exam Prep — Quality MCQ Bank (2026),,,,,Paused,CPA - Competitor Alternatives,,,,,,,,,,,,,,,,,,,,,,,,,,Daily Qs by Text,https://voraprep.com/daily-cpa?utm_source=google&utm_medium=cpc&utm_campaign=cpa-prep&utm_term=%7Bkeyword%7D&utm_content=sl-daily,New SMS product,From $4.99/mo
CPA Exam Prep — Quality MCQ Bank (2026),,,,,Paused,CPA - Section Specific,1.20,,,,,,,,,,,,,,,,,,,,,,,,,,,,
CPA Exam Prep — Quality MCQ Bank (2026),,,,,Paused,CPA - Section Specific,1.20,far cpa study guide,Phrase,,,,,,,,,,,,,,,,,,,,,,,,,,
CPA Exam Prep — Quality MCQ Bank (2026),,,,,Paused,CPA - Section Specific,1.20,aud cpa study guide,Phrase,,,,,,,,,,,,,,,,,,,,,,,,,,
CPA Exam Prep — Quality MCQ Bank (2026),,,,,Paused,CPA - Section Specific,1.20,reg cpa study guide,Phrase,,,,,,,,,,,,,,,,,,,,,,,,,,
CPA Exam Prep — Quality MCQ Bank (2026),,,,,Paused,CPA - Section Specific,1.10,bar cpa study guide,Phrase,,,,,,,,,,,,,,,,,,,,,,,,,,
CPA Exam Prep — Quality MCQ Bank (2026),,,,,Paused,CPA - Section Specific,1.10,isc cpa study guide,Phrase,,,,,,,,,,,,,,,,,,,,,,,,,,
CPA Exam Prep — Quality MCQ Bank (2026),,,,,Paused,CPA - Section Specific,1.10,tcp cpa study guide,Phrase,,,,,,,,,,,,,,,,,,,,,,,,,,
CPA Exam Prep — Quality MCQ Bank (2026),,,,,Paused,CPA - Section Specific,1.30,how to pass far cpa,Phrase,,,,,,,,,,,,,,,,,,,,,,,,,,
CPA Exam Prep — Quality MCQ Bank (2026),,,,,Paused,CPA - Section Specific,1.30,how to pass aud cpa,Phrase,,,,,,,,,,,,,,,,,,,,,,,,,,
CPA Exam Prep — Quality MCQ Bank (2026),,,,,Paused,CPA - Section Specific,1.30,how to pass reg cpa,Phrase,,,,,,,,,,,,,,,,,,,,,,,,,,
CPA Exam Prep — Quality MCQ Bank (2026),,,,,Paused,CPA - Section Specific,1.20,how to pass bar cpa,Phrase,,,,,,,,,,,,,,,,,,,,,,,,,,
CPA Exam Prep — Quality MCQ Bank (2026),,,,,Paused,CPA - Section Specific,1.20,how to pass isc cpa,Phrase,,,,,,,,,,,,,,,,,,,,,,,,,,
CPA Exam Prep — Quality MCQ Bank (2026),,,,,Paused,CPA - Section Specific,1.20,how to pass tcp cpa,Phrase,,,,,,,,,,,,,,,,,,,,,,,,,,
CPA Exam Prep — Quality MCQ Bank (2026),,,,,Paused,CPA - Section Specific,,free download,Negative Phrase,,,,,,,,,,,,,,,,,,,,,,,,,,
CPA Exam Prep — Quality MCQ Bank (2026),,,,,Paused,CPA - Section Specific,,free pdf,Negative Phrase,,,,,,,,,,,,,,,,,,,,,,,,,,
CPA Exam Prep — Quality MCQ Bank (2026),,,,,Paused,CPA - Section Specific,,free book,Negative Phrase,,,,,,,,,,,,,,,,,,,,,,,,,,
CPA Exam Prep — Quality MCQ Bank (2026),,,,,Paused,CPA - Section Specific,,reddit,Negative Phrase,,,,,,,,,,,,,,,,,,,,,,,,,,
CPA Exam Prep — Quality MCQ Bank (2026),,,,,Paused,CPA - Section Specific,,forum,Negative Phrase,,,,,,,,,,,,,,,,,,,,,,,,,,
CPA Exam Prep — Quality MCQ Bank (2026),,,,,Paused,CPA - Section Specific,,quora,Negative Phrase,,,,,,,,,,,,,,,,,,,,,,,,,,
CPA Exam Prep — Quality MCQ Bank (2026),,,,,Paused,CPA - Section Specific,,youtube,Negative Phrase,,,,,,,,,,,,,,,,,,,,,,,,,,
CPA Exam Prep — Quality MCQ Bank (2026),,,,,Paused,CPA - Section Specific,,pdf,Negative Phrase,,,,,,,,,,,,,,,,,,,,,,,,,,
CPA Exam Prep — Quality MCQ Bank (2026),,,,,Paused,CPA - Section Specific,,torrent,Negative Phrase,,,,,,,,,,,,,,,,,,,,,,,,,,
CPA Exam Prep — Quality MCQ Bank (2026),,,,,Paused,CPA - Section Specific,,pirate,Negative Phrase,,,,,,,,,,,,,,,,,,,,,,,,,,
CPA Exam Prep — Quality MCQ Bank (2026),,,,,Paused,CPA - Section Specific,,crack,Negative Phrase,,,,,,,,,,,,,,,,,,,,,,,,,,
CPA Exam Prep — Quality MCQ Bank (2026),,,,,Paused,CPA - Section Specific,,hack,Negative Phrase,,,,,,,,,,,,,,,,,,,,,,,,,,
CPA Exam Prep — Quality MCQ Bank (2026),,,,,Paused,CPA - Section Specific,,leaked,Negative Phrase,,,,,,,,,,,,,,,,,,,,,,,,,,
CPA Exam Prep — Quality MCQ Bank (2026),,,,,Paused,CPA - Section Specific,,login,Negative Phrase,,,,,,,,,,,,,,,,,,,,,,,,,,
CPA Exam Prep — Quality MCQ Bank (2026),,,,,Paused,CPA - Section Specific,,sign in,Negative Phrase,,,,,,,,,,,,,,,,,,,,,,,,,,
CPA Exam Prep — Quality MCQ Bank (2026),,,,,Paused,CPA - Section Specific,,forgot password,Negative Phrase,,,,,,,,,,,,,,,,,,,,,,,,,,
CPA Exam Prep — Quality MCQ Bank (2026),,,,,Paused,CPA - Section Specific,,customer service,Negative Phrase,,,,,,,,,,,,,,,,,,,,,,,,,,
CPA Exam Prep — Quality MCQ Bank (2026),,,,,Paused,CPA - Section Specific,,phone number,Negative Phrase,,,,,,,,,,,,,,,,,,,,,,,,,,
CPA Exam Prep — Quality MCQ Bank (2026),,,,,Paused,CPA - Section Specific,,jobs,Negative Phrase,,,,,,,,,,,,,,,,,,,,,,,,,,
CPA Exam Prep — Quality MCQ Bank (2026),,,,,Paused,CPA - Section Specific,,hiring,Negative Phrase,,,,,,,,,,,,,,,,,,,,,,,,,,
CPA Exam Prep — Quality MCQ Bank (2026),,,,,Paused,CPA - Section Specific,,salary,Negative Phrase,,,,,,,,,,,,,,,,,,,,,,,,,,
CPA Exam Prep — Quality MCQ Bank (2026),,,,,Paused,CPA - Section Specific,,requirements to become,Negative Phrase,,,,,,,,,,,,,,,,,,,,,,,,,,
CPA Exam Prep — Quality MCQ Bank (2026),,,,,Paused,CPA - Section Specific,,license lookup,Negative Phrase,,,,,,,,,,,,,,,,,,,,,,,,,,
CPA Exam Prep — Quality MCQ Bank (2026),,,,,Paused,CPA - Section Specific,,cpe,Negative Phrase,,,,,,,,,,,,,,,,,,,,,,,,,,
CPA Exam Prep — Quality MCQ Bank (2026),,,,,Paused,CPA - Section Specific,,continuing education,Negative Phrase,,,,,,,,,,,,,,,,,,,,,,,,,,
CPA Exam Prep — Quality MCQ Bank (2026),,,,,Paused,CPA - Section Specific,,cpe credit,Negative Phrase,,,,,,,,,,,,,,,,,,,,,,,,,,
CPA Exam Prep — Quality MCQ Bank (2026),,,,,Paused,CPA - Section Specific,,refund,Negative Phrase,,,,,,,,,,,,,,,,,,,,,,,,,,
CPA Exam Prep — Quality MCQ Bank (2026),,,,,Paused,CPA - Section Specific,,complaints,Negative Phrase,,,,,,,,,,,,,,,,,,,,,,,,,,
CPA Exam Prep — Quality MCQ Bank (2026),,,,,Paused,CPA - Section Specific,,lawsuit,Negative Phrase,,,,,,,,,,,,,,,,,,,,,,,,,,
CPA Exam Prep — Quality MCQ Bank (2026),,,,,Paused,CPA - Section Specific,,scam,Negative Phrase,,,,,,,,,,,,,,,,,,,,,,,,,,
CPA Exam Prep — Quality MCQ Bank (2026),,,,,Paused,CPA - Section Specific,,,,https://voraprep.com/cpa?utm_source=google&utm_medium=cpc&utm_campaign=cpa-prep&utm_term=%7Bkeyword%7D&utm_content=%7Badgroupname%7D,Pass FAR on Your Next Try,Pass AUD on Your Next Try,FAR AUD REG BAR ISC TCP,"9,154 Section Practice Qs",Section-by-Section Drills,"Why Wrong, Not Just What",Adaptive Section Coverage,2026 AICPA Blueprint,Pass — or Study Free,Try Free — No Card,$29/mo Founder Pricing,20% Off w/ Code SAVE20,Built for Retakes,Real Board-Style MCQs,Cancel Anytime,"Section-targeted CPA practice for FAR, AUD, REG, BAR, ISC, TCP. Every answer explained.",Failed a section? Built for retakes. Adaptive bank targets your weak areas. Try free.,"9,154 board-style MCQs with step-by-step explanations. Pass guarantee. From $29/mo.",20% off everything with SAVE20. Or $9 first month with START9. Ends May 26.,CPA,Sections,,,,
CPA Exam Prep — Quality MCQ Bank (2026),,,,,Paused,CPA - Section Specific,,,,,,,,,,,,,,,,,,,,,,,,,,See Sample Questions,https://voraprep.com/cpa?utm_source=google&utm_medium=cpc&utm_campaign=cpa-prep&utm_term=%7Bkeyword%7D&utm_content=sl-samples,"9,150+ board-style MCQs",Try the bank free
CPA Exam Prep — Quality MCQ Bank (2026),,,,,Paused,CPA - Section Specific,,,,,,,,,,,,,,,,,,,,,,,,,,$9 First Month,https://voraprep.com/cpa?utm_source=google&utm_medium=cpc&utm_campaign=cpa-prep&utm_term=%7Bkeyword%7D&utm_content=sl-promo-monthly#pricing,Code: START9,Ends May 26 — monthly
CPA Exam Prep — Quality MCQ Bank (2026),,,,,Paused,CPA - Section Specific,,,,,,,,,,,,,,,,,,,,,,,,,,20% Off Everything,https://voraprep.com/cpa?utm_source=google&utm_medium=cpc&utm_campaign=cpa-prep&utm_term=%7Bkeyword%7D&utm_content=sl-promo-save20#pricing?coupon=SAVE20,Code: SAVE20,Monthly or annual
CPA Exam Prep — Quality MCQ Bank (2026),,,,,Paused,CPA - Section Specific,,,,,,,,,,,,,,,,,,,,,,,,,,How We Compare,https://voraprep.com/compare?utm_source=google&utm_medium=cpc&utm_campaign=cpa-prep&utm_term=%7Bkeyword%7D&utm_content=sl-compare,"vs. Becker, Roger, Surgent","Same scope, lower price"
CPA Exam Prep — Quality MCQ Bank (2026),,,,,Paused,CPA - Section Specific,,,,,,,,,,,,,,,,,,,,,,,,,,Daily Qs by Text,https://voraprep.com/daily-cpa?utm_source=google&utm_medium=cpc&utm_campaign=cpa-prep&utm_term=%7Bkeyword%7D&utm_content=sl-daily,New SMS product,From $4.99/mo
CPA Daily Questions — SMS Drills (2026),Search,Google search;Search partners,20.00,Manual CPC,Paused,,,,,,,,,,,,,,,,,,,,,,,,,,,,,,
CPA Daily Questions — SMS Drills (2026),,,,,Paused,Daily CPA - Standalone,1.20,,,,,,,,,,,,,,,,,,,,,,,,,,,,
CPA Daily Questions — SMS Drills (2026),,,,,Paused,Daily CPA - Standalone,1.20,cpa question of the day,Phrase,,,,,,,,,,,,,,,,,,,,,,,,,,
CPA Daily Questions — SMS Drills (2026),,,,,Paused,Daily CPA - Standalone,1.20,daily cpa question,Phrase,,,,,,,,,,,,,,,,,,,,,,,,,,
CPA Daily Questions — SMS Drills (2026),,,,,Paused,Daily CPA - Standalone,1.20,daily cpa questions,Phrase,,,,,,,,,,,,,,,,,,,,,,,,,,
CPA Daily Questions — SMS Drills (2026),,,,,Paused,Daily CPA - Standalone,1.10,cpa daily practice,Phrase,,,,,,,,,,,,,,,,,,,,,,,,,,
CPA Daily Questions — SMS Drills (2026),,,,,Paused,Daily CPA - Standalone,1.20,cpa exam question of the day,Phrase,,,,,,,,,,,,,,,,,,,,,,,,,,
CPA Daily Questions — SMS Drills (2026),,,,,Paused,Daily CPA - Standalone,0.90,cpa mcq daily,Broad,,,,,,,,,,,,,,,,,,,,,,,,,,
CPA Daily Questions — SMS Drills (2026),,,,,Paused,Daily CPA - Standalone,0.90,cpa practice every day,Broad,,,,,,,,,,,,,,,,,,,,,,,,,,
CPA Daily Questions — SMS Drills (2026),,,,,Paused,Daily CPA - Standalone,1.00,cpa exam daily prep,Broad,,,,,,,,,,,,,,,,,,,,,,,,,,
CPA Daily Questions — SMS Drills (2026),,,,,Paused,Daily CPA - Standalone,,free download,Negative Phrase,,,,,,,,,,,,,,,,,,,,,,,,,,
CPA Daily Questions — SMS Drills (2026),,,,,Paused,Daily CPA - Standalone,,free pdf,Negative Phrase,,,,,,,,,,,,,,,,,,,,,,,,,,
CPA Daily Questions — SMS Drills (2026),,,,,Paused,Daily CPA - Standalone,,free book,Negative Phrase,,,,,,,,,,,,,,,,,,,,,,,,,,
CPA Daily Questions — SMS Drills (2026),,,,,Paused,Daily CPA - Standalone,,reddit,Negative Phrase,,,,,,,,,,,,,,,,,,,,,,,,,,
CPA Daily Questions — SMS Drills (2026),,,,,Paused,Daily CPA - Standalone,,forum,Negative Phrase,,,,,,,,,,,,,,,,,,,,,,,,,,
CPA Daily Questions — SMS Drills (2026),,,,,Paused,Daily CPA - Standalone,,quora,Negative Phrase,,,,,,,,,,,,,,,,,,,,,,,,,,
CPA Daily Questions — SMS Drills (2026),,,,,Paused,Daily CPA - Standalone,,youtube,Negative Phrase,,,,,,,,,,,,,,,,,,,,,,,,,,
CPA Daily Questions — SMS Drills (2026),,,,,Paused,Daily CPA - Standalone,,pdf,Negative Phrase,,,,,,,,,,,,,,,,,,,,,,,,,,
CPA Daily Questions — SMS Drills (2026),,,,,Paused,Daily CPA - Standalone,,torrent,Negative Phrase,,,,,,,,,,,,,,,,,,,,,,,,,,
CPA Daily Questions — SMS Drills (2026),,,,,Paused,Daily CPA - Standalone,,pirate,Negative Phrase,,,,,,,,,,,,,,,,,,,,,,,,,,
CPA Daily Questions — SMS Drills (2026),,,,,Paused,Daily CPA - Standalone,,crack,Negative Phrase,,,,,,,,,,,,,,,,,,,,,,,,,,
CPA Daily Questions — SMS Drills (2026),,,,,Paused,Daily CPA - Standalone,,hack,Negative Phrase,,,,,,,,,,,,,,,,,,,,,,,,,,
CPA Daily Questions — SMS Drills (2026),,,,,Paused,Daily CPA - Standalone,,leaked,Negative Phrase,,,,,,,,,,,,,,,,,,,,,,,,,,
CPA Daily Questions — SMS Drills (2026),,,,,Paused,Daily CPA - Standalone,,login,Negative Phrase,,,,,,,,,,,,,,,,,,,,,,,,,,
CPA Daily Questions — SMS Drills (2026),,,,,Paused,Daily CPA - Standalone,,sign in,Negative Phrase,,,,,,,,,,,,,,,,,,,,,,,,,,
CPA Daily Questions — SMS Drills (2026),,,,,Paused,Daily CPA - Standalone,,forgot password,Negative Phrase,,,,,,,,,,,,,,,,,,,,,,,,,,
CPA Daily Questions — SMS Drills (2026),,,,,Paused,Daily CPA - Standalone,,customer service,Negative Phrase,,,,,,,,,,,,,,,,,,,,,,,,,,
CPA Daily Questions — SMS Drills (2026),,,,,Paused,Daily CPA - Standalone,,phone number,Negative Phrase,,,,,,,,,,,,,,,,,,,,,,,,,,
CPA Daily Questions — SMS Drills (2026),,,,,Paused,Daily CPA - Standalone,,jobs,Negative Phrase,,,,,,,,,,,,,,,,,,,,,,,,,,
CPA Daily Questions — SMS Drills (2026),,,,,Paused,Daily CPA - Standalone,,hiring,Negative Phrase,,,,,,,,,,,,,,,,,,,,,,,,,,
CPA Daily Questions — SMS Drills (2026),,,,,Paused,Daily CPA - Standalone,,salary,Negative Phrase,,,,,,,,,,,,,,,,,,,,,,,,,,
CPA Daily Questions — SMS Drills (2026),,,,,Paused,Daily CPA - Standalone,,requirements to become,Negative Phrase,,,,,,,,,,,,,,,,,,,,,,,,,,
CPA Daily Questions — SMS Drills (2026),,,,,Paused,Daily CPA - Standalone,,license lookup,Negative Phrase,,,,,,,,,,,,,,,,,,,,,,,,,,
CPA Daily Questions — SMS Drills (2026),,,,,Paused,Daily CPA - Standalone,,cpe,Negative Phrase,,,,,,,,,,,,,,,,,,,,,,,,,,
CPA Daily Questions — SMS Drills (2026),,,,,Paused,Daily CPA - Standalone,,continuing education,Negative Phrase,,,,,,,,,,,,,,,,,,,,,,,,,,
CPA Daily Questions — SMS Drills (2026),,,,,Paused,Daily CPA - Standalone,,cpe credit,Negative Phrase,,,,,,,,,,,,,,,,,,,,,,,,,,
CPA Daily Questions — SMS Drills (2026),,,,,Paused,Daily CPA - Standalone,,refund,Negative Phrase,,,,,,,,,,,,,,,,,,,,,,,,,,
CPA Daily Questions — SMS Drills (2026),,,,,Paused,Daily CPA - Standalone,,complaints,Negative Phrase,,,,,,,,,,,,,,,,,,,,,,,,,,
CPA Daily Questions — SMS Drills (2026),,,,,Paused,Daily CPA - Standalone,,lawsuit,Negative Phrase,,,,,,,,,,,,,,,,,,,,,,,,,,
CPA Daily Questions — SMS Drills (2026),,,,,Paused,Daily CPA - Standalone,,scam,Negative Phrase,,,,,,,,,,,,,,,,,,,,,,,,,,
CPA Daily Questions — SMS Drills (2026),,,,,Paused,Daily CPA - Standalone,,,,https://voraprep.com/daily-cpa?utm_source=google&utm_medium=cpc&utm_campaign=cpa-daily&utm_term=%7Bkeyword%7D&utm_content=%7Badgroupname%7D,CPA Question of the Day,5 Min/Day to Pass CPA,Study CPA by Text,10–50 MCQs Per Day,From $4.99/Month,Cheaper Than Coffee,3-Day Free Trial,No App. No Login.,Reply A/B/C/D — Done,Real Board-Style MCQs,Every Answer Explained,Built by Licensed CPAs,Cancel by Text,Try Free — No Card,Pick Your Section,Get a CPA question by text every morning. Reply A/B/C/D. Get the explanation. $4.99/mo.,5 minutes a day to keep your CPA momentum. 3-day free trial — no credit card needed.,Real board-style MCQs with full explanations. Cheaper than coffee. Cancel by text.,"Pick your section, pick your time. We text. You reply. You learn. From $4.99/mo.",Daily,CPA,,,,
CPA Daily Questions — SMS Drills (2026),,,,,Paused,Daily CPA - Standalone,,,,,,,,,,,,,,,,,,,,,,,,,,How It Works,https://voraprep.com/daily-cpa?utm_source=google&utm_medium=cpc&utm_campaign=cpa-daily&utm_term=%7Bkeyword%7D&utm_content=sl-how#how-it-works,Daily MCQs by text,Reply A/B/C/D
CPA Daily Questions — SMS Drills (2026),,,,,Paused,Daily CPA - Standalone,,,,,,,,,,,,,,,,,,,,,,,,,,See Plans,https://voraprep.com/daily-cpa?utm_source=google&utm_medium=cpc&utm_campaign=cpa-daily&utm_term=%7Bkeyword%7D&utm_content=sl-pricing#pricing,$4.99 / $9.99 / $14.99,10 / 25 / 50 q per day
CPA Daily Questions — SMS Drills (2026),,,,,Paused,Daily CPA - Standalone,,,,,,,,,,,,,,,,,,,,,,,,,,Pairs with Becker,https://voraprep.com/daily-cpa?utm_source=google&utm_medium=cpc&utm_campaign=cpa-daily&utm_term=%7Bkeyword%7D&utm_content=sl-supplement,Add daily reps,No app to install
CPA Daily Questions — SMS Drills (2026),,,,,Paused,Daily CPA - Standalone,,,,,,,,,,,,,,,,,,,,,,,,,,Full CPA Prep,https://voraprep.com/cpa?utm_source=google&utm_medium=cpc&utm_campaign=cpa-daily&utm_term=%7Bkeyword%7D&utm_content=sl-fullcourse,"9,150+ MCQs, $29/mo",Pass guarantee
CPA Daily Questions — SMS Drills (2026),,,,,Paused,Daily CPA - Becker Supplement,1.40,,,,,,,,,,,,,,,,,,,,,,,,,,,,
CPA Daily Questions — SMS Drills (2026),,,,,Paused,Daily CPA - Becker Supplement,1.40,becker supplement,Broad,,,,,,,,,,,,,,,,,,,,,,,,,,
CPA Daily Questions — SMS Drills (2026),,,,,Paused,Daily CPA - Becker Supplement,1.20,extra cpa practice questions,Phrase,,,,,,,,,,,,,,,,,,,,,,,,,,
CPA Daily Questions — SMS Drills (2026),,,,,Paused,Daily CPA - Becker Supplement,1.20,cpa practice in addition to becker,Broad,,,,,,,,,,,,,,,,,,,,,,,,,,
CPA Daily Questions — SMS Drills (2026),,,,,Paused,Daily CPA - Becker Supplement,1.10,cpa drill questions,Phrase,,,,,,,,,,,,,,,,,,,,,,,,,,
CPA Daily Questions — SMS Drills (2026),,,,,Paused,Daily CPA - Becker Supplement,1.00,cpa mcq drills,Broad,,,,,,,,,,,,,,,,,,,,,,,,,,
CPA Daily Questions — SMS Drills (2026),,,,,Paused,Daily CPA - Becker Supplement,1.00,daily cpa drills,Broad,,,,,,,,,,,,,,,,,,,,,,,,,,
CPA Daily Questions — SMS Drills (2026),,,,,Paused,Daily CPA - Becker Supplement,1.10,roger cpa supplement,Broad,,,,,,,,,,,,,,,,,,,,,,,,,,
CPA Daily Questions — SMS Drills (2026),,,,,Paused,Daily CPA - Becker Supplement,1.00,extra cpa mcqs,Broad,,,,,,,,,,,,,,,,,,,,,,,,,,
CPA Daily Questions — SMS Drills (2026),,,,,Paused,Daily CPA - Becker Supplement,1.10,cpa question bank for becker users,Broad,,,,,,,,,,,,,,,,,,,,,,,,,,
CPA Daily Questions — SMS Drills (2026),,,,,Paused,Daily CPA - Becker Supplement,1.00,cpa prep alongside becker,Broad,,,,,,,,,,,,,,,,,,,,,,,,,,
CPA Daily Questions — SMS Drills (2026),,,,,Paused,Daily CPA - Becker Supplement,,free download,Negative Phrase,,,,,,,,,,,,,,,,,,,,,,,,,,
CPA Daily Questions — SMS Drills (2026),,,,,Paused,Daily CPA - Becker Supplement,,free pdf,Negative Phrase,,,,,,,,,,,,,,,,,,,,,,,,,,
CPA Daily Questions — SMS Drills (2026),,,,,Paused,Daily CPA - Becker Supplement,,free book,Negative Phrase,,,,,,,,,,,,,,,,,,,,,,,,,,
CPA Daily Questions — SMS Drills (2026),,,,,Paused,Daily CPA - Becker Supplement,,reddit,Negative Phrase,,,,,,,,,,,,,,,,,,,,,,,,,,
CPA Daily Questions — SMS Drills (2026),,,,,Paused,Daily CPA - Becker Supplement,,forum,Negative Phrase,,,,,,,,,,,,,,,,,,,,,,,,,,
CPA Daily Questions — SMS Drills (2026),,,,,Paused,Daily CPA - Becker Supplement,,quora,Negative Phrase,,,,,,,,,,,,,,,,,,,,,,,,,,
CPA Daily Questions — SMS Drills (2026),,,,,Paused,Daily CPA - Becker Supplement,,youtube,Negative Phrase,,,,,,,,,,,,,,,,,,,,,,,,,,
CPA Daily Questions — SMS Drills (2026),,,,,Paused,Daily CPA - Becker Supplement,,pdf,Negative Phrase,,,,,,,,,,,,,,,,,,,,,,,,,,
CPA Daily Questions — SMS Drills (2026),,,,,Paused,Daily CPA - Becker Supplement,,torrent,Negative Phrase,,,,,,,,,,,,,,,,,,,,,,,,,,
CPA Daily Questions — SMS Drills (2026),,,,,Paused,Daily CPA - Becker Supplement,,pirate,Negative Phrase,,,,,,,,,,,,,,,,,,,,,,,,,,
CPA Daily Questions — SMS Drills (2026),,,,,Paused,Daily CPA - Becker Supplement,,crack,Negative Phrase,,,,,,,,,,,,,,,,,,,,,,,,,,
CPA Daily Questions — SMS Drills (2026),,,,,Paused,Daily CPA - Becker Supplement,,hack,Negative Phrase,,,,,,,,,,,,,,,,,,,,,,,,,,
CPA Daily Questions — SMS Drills (2026),,,,,Paused,Daily CPA - Becker Supplement,,leaked,Negative Phrase,,,,,,,,,,,,,,,,,,,,,,,,,,
CPA Daily Questions — SMS Drills (2026),,,,,Paused,Daily CPA - Becker Supplement,,login,Negative Phrase,,,,,,,,,,,,,,,,,,,,,,,,,,
CPA Daily Questions — SMS Drills (2026),,,,,Paused,Daily CPA - Becker Supplement,,sign in,Negative Phrase,,,,,,,,,,,,,,,,,,,,,,,,,,
CPA Daily Questions — SMS Drills (2026),,,,,Paused,Daily CPA - Becker Supplement,,forgot password,Negative Phrase,,,,,,,,,,,,,,,,,,,,,,,,,,
CPA Daily Questions — SMS Drills (2026),,,,,Paused,Daily CPA - Becker Supplement,,customer service,Negative Phrase,,,,,,,,,,,,,,,,,,,,,,,,,,
CPA Daily Questions — SMS Drills (2026),,,,,Paused,Daily CPA - Becker Supplement,,phone number,Negative Phrase,,,,,,,,,,,,,,,,,,,,,,,,,,
CPA Daily Questions — SMS Drills (2026),,,,,Paused,Daily CPA - Becker Supplement,,jobs,Negative Phrase,,,,,,,,,,,,,,,,,,,,,,,,,,
CPA Daily Questions — SMS Drills (2026),,,,,Paused,Daily CPA - Becker Supplement,,hiring,Negative Phrase,,,,,,,,,,,,,,,,,,,,,,,,,,
CPA Daily Questions — SMS Drills (2026),,,,,Paused,Daily CPA - Becker Supplement,,salary,Negative Phrase,,,,,,,,,,,,,,,,,,,,,,,,,,
CPA Daily Questions — SMS Drills (2026),,,,,Paused,Daily CPA - Becker Supplement,,requirements to become,Negative Phrase,,,,,,,,,,,,,,,,,,,,,,,,,,
CPA Daily Questions — SMS Drills (2026),,,,,Paused,Daily CPA - Becker Supplement,,license lookup,Negative Phrase,,,,,,,,,,,,,,,,,,,,,,,,,,
CPA Daily Questions — SMS Drills (2026),,,,,Paused,Daily CPA - Becker Supplement,,cpe,Negative Phrase,,,,,,,,,,,,,,,,,,,,,,,,,,
CPA Daily Questions — SMS Drills (2026),,,,,Paused,Daily CPA - Becker Supplement,,continuing education,Negative Phrase,,,,,,,,,,,,,,,,,,,,,,,,,,
CPA Daily Questions — SMS Drills (2026),,,,,Paused,Daily CPA - Becker Supplement,,cpe credit,Negative Phrase,,,,,,,,,,,,,,,,,,,,,,,,,,
CPA Daily Questions — SMS Drills (2026),,,,,Paused,Daily CPA - Becker Supplement,,refund,Negative Phrase,,,,,,,,,,,,,,,,,,,,,,,,,,
CPA Daily Questions — SMS Drills (2026),,,,,Paused,Daily CPA - Becker Supplement,,complaints,Negative Phrase,,,,,,,,,,,,,,,,,,,,,,,,,,
CPA Daily Questions — SMS Drills (2026),,,,,Paused,Daily CPA - Becker Supplement,,lawsuit,Negative Phrase,,,,,,,,,,,,,,,,,,,,,,,,,,
CPA Daily Questions — SMS Drills (2026),,,,,Paused,Daily CPA - Becker Supplement,,scam,Negative Phrase,,,,,,,,,,,,,,,,,,,,,,,,,,
CPA Daily Questions — SMS Drills (2026),,,,,Paused,Daily CPA - Becker Supplement,,becker discount,Negative Phrase,,,,,,,,,,,,,,,,,,,,,,,,,,
CPA Daily Questions — SMS Drills (2026),,,,,Paused,Daily CPA - Becker Supplement,,becker login,Negative Phrase,,,,,,,,,,,,,,,,,,,,,,,,,,
CPA Daily Questions — SMS Drills (2026),,,,,Paused,Daily CPA - Becker Supplement,,becker promo code,Negative Phrase,,,,,,,,,,,,,,,,,,,,,,,,,,
CPA Daily Questions — SMS Drills (2026),,,,,Paused,Daily CPA - Becker Supplement,,,,https://voraprep.com/daily-cpa?utm_source=google&utm_medium=cpc&utm_campaign=cpa-daily&utm_term=%7Bkeyword%7D&utm_content=%7Badgroupname%7D,Already Using Becker?,Add Daily CPA Reps,Pair It With Your Course,10–50 MCQs Per Day,By Text — A/B/C/D,From $4.99/Month,3-Day Free Trial,No App to Install,Real Board-Style MCQs,Every Answer Explained,Cancel by Text,Cheaper Than Coffee,Daily Reps That Stick,Pick Your Section,Try Free — No Card,Already using Becker or Roger? Add daily CPA reps by text. 3-day free trial. $4.99/mo.,"Daily MCQs that fit between full study sessions. No app, no login. Cancel by text.",Real board-style questions with full explanations. Pairs with any review course.,Keep your CPA momentum on weeknights. 10/25/50 questions per day. Cancel anytime.,Daily,Drills,,,,
CPA Daily Questions — SMS Drills (2026),,,,,Paused,Daily CPA - Becker Supplement,,,,,,,,,,,,,,,,,,,,,,,,,,How It Works,https://voraprep.com/daily-cpa?utm_source=google&utm_medium=cpc&utm_campaign=cpa-daily&utm_term=%7Bkeyword%7D&utm_content=sl-how#how-it-works,Daily MCQs by text,Reply A/B/C/D
CPA Daily Questions — SMS Drills (2026),,,,,Paused,Daily CPA - Becker Supplement,,,,,,,,,,,,,,,,,,,,,,,,,,See Plans,https://voraprep.com/daily-cpa?utm_source=google&utm_medium=cpc&utm_campaign=cpa-daily&utm_term=%7Bkeyword%7D&utm_content=sl-pricing#pricing,$4.99 / $9.99 / $14.99,10 / 25 / 50 q per day
CPA Daily Questions — SMS Drills (2026),,,,,Paused,Daily CPA - Becker Supplement,,,,,,,,,,,,,,,,,,,,,,,,,,Pairs with Becker,https://voraprep.com/daily-cpa?utm_source=google&utm_medium=cpc&utm_campaign=cpa-daily&utm_term=%7Bkeyword%7D&utm_content=sl-supplement,Add daily reps,No app to install
CPA Daily Questions — SMS Drills (2026),,,,,Paused,Daily CPA - Becker Supplement,,,,,,,,,,,,,,,,,,,,,,,,,,Full CPA Prep,https://voraprep.com/cpa?utm_source=google&utm_medium=cpc&utm_campaign=cpa-daily&utm_term=%7Bkeyword%7D&utm_content=sl-fullcourse,"9,150+ MCQs, $29/mo",Pass guarantee
CPA Daily Questions — SMS Drills (2026),,,,,Paused,Daily CPA - Study Habit,0.95,,,,,,,,,,,,,,,,,,,,,,,,,,,,
CPA Daily Questions — SMS Drills (2026),,,,,Paused,Daily CPA - Study Habit,0.95,cpa study habit,Broad,,,,,,,,,,,,,,,,,,,,,,,,,,
CPA Daily Questions — SMS Drills (2026),,,,,Paused,Daily CPA - Study Habit,0.95,how to study cpa daily,Broad,,,,,,,,,,,,,,,,,,,,,,,,,,
CPA Daily Questions — SMS Drills (2026),,,,,Paused,Daily CPA - Study Habit,0.95,cpa exam study schedule,Broad,,,,,,,,,,,,,,,,,,,,,,,,,,
CPA Daily Questions — SMS Drills (2026),,,,,Paused,Daily CPA - Study Habit,0.85,cpa daily routine,Broad,,,,,,,,,,,,,,,,,,,,,,,,,,
CPA Daily Questions — SMS Drills (2026),,,,,Paused,Daily CPA - Study Habit,0.85,study cpa by text,Broad,,,,,,,,,,,,,,,,,,,,,,,,,,
CPA Daily Questions — SMS Drills (2026),,,,,Paused,Daily CPA - Study Habit,0.85,cpa text message study,Broad,,,,,,,,,,,,,,,,,,,,,,,,,,
CPA Daily Questions — SMS Drills (2026),,,,,Paused,Daily CPA - Study Habit,0.75,cpa exam consistency,Broad,,,,,,,,,,,,,,,,,,,,,,,,,,
CPA Daily Questions — SMS Drills (2026),,,,,Paused,Daily CPA - Study Habit,0.85,how to stay consistent for cpa,Broad,,,,,,,,,,,,,,,,,,,,,,,,,,
CPA Daily Questions — SMS Drills (2026),,,,,Paused,Daily CPA - Study Habit,,free download,Negative Phrase,,,,,,,,,,,,,,,,,,,,,,,,,,
CPA Daily Questions — SMS Drills (2026),,,,,Paused,Daily CPA - Study Habit,,free pdf,Negative Phrase,,,,,,,,,,,,,,,,,,,,,,,,,,
CPA Daily Questions — SMS Drills (2026),,,,,Paused,Daily CPA - Study Habit,,free book,Negative Phrase,,,,,,,,,,,,,,,,,,,,,,,,,,
CPA Daily Questions — SMS Drills (2026),,,,,Paused,Daily CPA - Study Habit,,reddit,Negative Phrase,,,,,,,,,,,,,,,,,,,,,,,,,,
CPA Daily Questions — SMS Drills (2026),,,,,Paused,Daily CPA - Study Habit,,forum,Negative Phrase,,,,,,,,,,,,,,,,,,,,,,,,,,
CPA Daily Questions — SMS Drills (2026),,,,,Paused,Daily CPA - Study Habit,,quora,Negative Phrase,,,,,,,,,,,,,,,,,,,,,,,,,,
CPA Daily Questions — SMS Drills (2026),,,,,Paused,Daily CPA - Study Habit,,youtube,Negative Phrase,,,,,,,,,,,,,,,,,,,,,,,,,,
CPA Daily Questions — SMS Drills (2026),,,,,Paused,Daily CPA - Study Habit,,pdf,Negative Phrase,,,,,,,,,,,,,,,,,,,,,,,,,,
CPA Daily Questions — SMS Drills (2026),,,,,Paused,Daily CPA - Study Habit,,torrent,Negative Phrase,,,,,,,,,,,,,,,,,,,,,,,,,,
CPA Daily Questions — SMS Drills (2026),,,,,Paused,Daily CPA - Study Habit,,pirate,Negative Phrase,,,,,,,,,,,,,,,,,,,,,,,,,,
CPA Daily Questions — SMS Drills (2026),,,,,Paused,Daily CPA - Study Habit,,crack,Negative Phrase,,,,,,,,,,,,,,,,,,,,,,,,,,
CPA Daily Questions — SMS Drills (2026),,,,,Paused,Daily CPA - Study Habit,,hack,Negative Phrase,,,,,,,,,,,,,,,,,,,,,,,,,,
CPA Daily Questions — SMS Drills (2026),,,,,Paused,Daily CPA - Study Habit,,leaked,Negative Phrase,,,,,,,,,,,,,,,,,,,,,,,,,,
CPA Daily Questions — SMS Drills (2026),,,,,Paused,Daily CPA - Study Habit,,login,Negative Phrase,,,,,,,,,,,,,,,,,,,,,,,,,,
CPA Daily Questions — SMS Drills (2026),,,,,Paused,Daily CPA - Study Habit,,sign in,Negative Phrase,,,,,,,,,,,,,,,,,,,,,,,,,,
CPA Daily Questions — SMS Drills (2026),,,,,Paused,Daily CPA - Study Habit,,forgot password,Negative Phrase,,,,,,,,,,,,,,,,,,,,,,,,,,
CPA Daily Questions — SMS Drills (2026),,,,,Paused,Daily CPA - Study Habit,,customer service,Negative Phrase,,,,,,,,,,,,,,,,,,,,,,,,,,
CPA Daily Questions — SMS Drills (2026),,,,,Paused,Daily CPA - Study Habit,,phone number,Negative Phrase,,,,,,,,,,,,,,,,,,,,,,,,,,
CPA Daily Questions — SMS Drills (2026),,,,,Paused,Daily CPA - Study Habit,,jobs,Negative Phrase,,,,,,,,,,,,,,,,,,,,,,,,,,
CPA Daily Questions — SMS Drills (2026),,,,,Paused,Daily CPA - Study Habit,,hiring,Negative Phrase,,,,,,,,,,,,,,,,,,,,,,,,,,
CPA Daily Questions — SMS Drills (2026),,,,,Paused,Daily CPA - Study Habit,,salary,Negative Phrase,,,,,,,,,,,,,,,,,,,,,,,,,,
CPA Daily Questions — SMS Drills (2026),,,,,Paused,Daily CPA - Study Habit,,requirements to become,Negative Phrase,,,,,,,,,,,,,,,,,,,,,,,,,,
CPA Daily Questions — SMS Drills (2026),,,,,Paused,Daily CPA - Study Habit,,license lookup,Negative Phrase,,,,,,,,,,,,,,,,,,,,,,,,,,
CPA Daily Questions — SMS Drills (2026),,,,,Paused,Daily CPA - Study Habit,,cpe,Negative Phrase,,,,,,,,,,,,,,,,,,,,,,,,,,
CPA Daily Questions — SMS Drills (2026),,,,,Paused,Daily CPA - Study Habit,,continuing education,Negative Phrase,,,,,,,,,,,,,,,,,,,,,,,,,,
CPA Daily Questions — SMS Drills (2026),,,,,Paused,Daily CPA - Study Habit,,cpe credit,Negative Phrase,,,,,,,,,,,,,,,,,,,,,,,,,,
CPA Daily Questions — SMS Drills (2026),,,,,Paused,Daily CPA - Study Habit,,refund,Negative Phrase,,,,,,,,,,,,,,,,,,,,,,,,,,
CPA Daily Questions — SMS Drills (2026),,,,,Paused,Daily CPA - Study Habit,,complaints,Negative Phrase,,,,,,,,,,,,,,,,,,,,,,,,,,
CPA Daily Questions — SMS Drills (2026),,,,,Paused,Daily CPA - Study Habit,,lawsuit,Negative Phrase,,,,,,,,,,,,,,,,,,,,,,,,,,
CPA Daily Questions — SMS Drills (2026),,,,,Paused,Daily CPA - Study Habit,,scam,Negative Phrase,,,,,,,,,,,,,,,,,,,,,,,,,,
CPA Daily Questions — SMS Drills (2026),,,,,Paused,Daily CPA - Study Habit,,cpe,Negative Phrase,,,,,,,,,,,,,,,,,,,,,,,,,,
CPA Daily Questions — SMS Drills (2026),,,,,Paused,Daily CPA - Study Habit,,continuing,Negative Phrase,,,,,,,,,,,,,,,,,,,,,,,,,,
CPA Daily Questions — SMS Drills (2026),,,,,Paused,Daily CPA - Study Habit,,,,https://voraprep.com/daily-cpa?utm_source=google&utm_medium=cpc&utm_campaign=cpa-daily&utm_term=%7Bkeyword%7D&utm_content=%7Badgroupname%7D,Build the CPA Habit,5 Min/Day Beats 5 Hr/Wk,Study CPA Every Day,10–50 MCQs Per Day,Delivered by Text,No App. No Login.,From $4.99/Month,3-Day Free Trial,Cheaper Than Coffee,Real CPA Practice Qs,Every Answer Explained,Cancel by Text,Try Free — No Card,Pick Your Start Time,Built for Busy Pros,Build the daily CPA habit by text. 5 minutes a day to pass. 3-day free trial.,"No app, no login. Real CPA questions to your phone every day. From $4.99/mo.",Daily reps. Real explanations. Honest pricing. Cancel by text. Try free — no card.,Stay consistent without burning out. Pick your section and start time. From $4.99/mo.,Daily,Habit,,,,
CPA Daily Questions — SMS Drills (2026),,,,,Paused,Daily CPA - Study Habit,,,,,,,,,,,,,,,,,,,,,,,,,,How It Works,https://voraprep.com/daily-cpa?utm_source=google&utm_medium=cpc&utm_campaign=cpa-daily&utm_term=%7Bkeyword%7D&utm_content=sl-how#how-it-works,Daily MCQs by text,Reply A/B/C/D
CPA Daily Questions — SMS Drills (2026),,,,,Paused,Daily CPA - Study Habit,,,,,,,,,,,,,,,,,,,,,,,,,,See Plans,https://voraprep.com/daily-cpa?utm_source=google&utm_medium=cpc&utm_campaign=cpa-daily&utm_term=%7Bkeyword%7D&utm_content=sl-pricing#pricing,$4.99 / $9.99 / $14.99,10 / 25 / 50 q per day
CPA Daily Questions — SMS Drills (2026),,,,,Paused,Daily CPA - Study Habit,,,,,,,,,,,,,,,,,,,,,,,,,,Pairs with Becker,https://voraprep.com/daily-cpa?utm_source=google&utm_medium=cpc&utm_campaign=cpa-daily&utm_term=%7Bkeyword%7D&utm_content=sl-supplement,Add daily reps,No app to install
CPA Daily Questions — SMS Drills (2026),,,,,Paused,Daily CPA - Study Habit,,,,,,,,,,,,,,,,,,,,,,,,,,Full CPA Prep,https://voraprep.com/cpa?utm_source=google&utm_medium=cpc&utm_campaign=cpa-daily&utm_term=%7Bkeyword%7D&utm_content=sl-fullcourse,"9,150+ MCQs, $29/mo",Pass guarantee
